,mfccs0,mfccs1,mfccs2,mfccs3,mfccs4,mfccs5,mfccs6,mfccs7,mfccs8,mfccs9,mfccs10,mfccs11,mfccs12
0,-344.8665,159.78339,-51.93501,36.639576,-43.93738,9.543463,-26.860254,4.9802523,-20.485872,-5.5125117,-2.982458,-7.2189226,5.6617093
1,-337.1453,163.45619,-50.699852,36.20613,-43.5308,8.520929,-27.005844,4.967608,-19.345535,-5.0970993,-3.2504191,-8.511038,3.2295003
2,-340.29385,162.97745,-50.817265,41.59486,-41.3286,13.734965,-23.879705,8.626523,-17.671337,-2.9164977,-0.7719745,-5.450379,6.731044
3,-334.38693,154.88106,-47.755882,33.54797,-36.742874,8.400142,-21.505339,4.8436565,-16.024176,-4.83258,-1.4044324,-6.677595,4.0145893
4,-331.95715,163.82985,-49.516556,38.655388,-42.114964,11.195122,-23.558924,6.3524246,-17.891691,-3.888398,-1.6709715,-6.926576,5.846089
5,-343.00006,161.51378,-55.25714,41.313976,-47.287994,13.488041,-28.513254,7.818689,-20.927834,-4.003816,-3.4484055,-8.430951,4.65424
6,-337.116,158.96393,-53.55823,35.579433,-46.076004,10.149935,-25.593384,6.71511,-20.09761,-5.8974767,-4.0663795,-8.417689,5.386355
7,-330.95184,157.47028,-48.59073,35.950428,-42.179897,9.06173,-25.290386,5.513501,-18.205465,-5.3787293,-2.8482294,-7.574288,5.154136
8,-335.52264,155.28955,-48.055264,33.71668,-41.439354,9.086823,-22.749914,5.856849,-19.176857,-6.0656505,-3.856511,-9.2702465,3.994924
9,-337.3167,158.67372,-50.24439,37.636166,-43.90348,11.704175,-25.144976,7.07964,-19.222813,-5.7929473,-4.8088403,-10.005053,3.5285616
10,-336.0289,162.30693,-47.77201,38.6745,-39.76292,13.458783,-21.951567,7.739652,-17.87964,-4.738387,-2.1367846,-6.7805753,5.9408283
11,-334.3858,154.7011,-42.929028,36.64462,-37.00628,10.298504,-21.057049,6.524277,-16.522137,-5.737983,-2.8800273,-8.45592,4.686618
12,-330.81192,156.51276,-42.863884,36.020542,-36.654728,10.213187,-21.227705,5.787534,-17.181904,-6.1377735,-2.7386942,-7.80546,4.630737
13,-335.53784,162.15538,-50.13815,41.196743,-41.922256,14.443613,-24.647928,8.227372,-19.494192,-4.864224,-2.4715548,-7.7912874,5.176715
14,-337.18985,155.05048,-43.64687,39.445,-36.85772,12.703929,-20.552128,7.5055275,-16.487686,-4.451348,-2.352963,-7.694185,4.9471455
15,-337.38196,161.49881,-47.03345,40.951023,-40.169456,13.340899,-23.758478,8.082051,-17.6843,-5.185549,-3.1799374,-8.201107,5.7702146
16,-330.92242,151.32314,-46.66226,30.485365,-39.07948,6.103357,-22.940817,3.53781,-18.959324,-7.824108,-3.6788862,-7.9427657,4.5028305
17,-343.96042,158.86674,-48.211464,44.708508,-40.059914,17.511395,-24.115665,9.018769,-18.14565,-3.7854407,-2.015208,-7.757801,6.093732
18,-328.93466,157.30333,-56.53537,34.853893,-45.745075,8.651407,-28.98016,3.4485672,-20.797503,-7.4537706,-6.4935136,-10.6991625,2.7901235
19,-338.57526,157.87427,-49.967873,40.75299,-41.006947,16.134659,-23.29446,8.677342,-18.873058,-4.999141,-2.9164762,-7.3694115,5.3879685
20,-341.22507,146.68704,-38.965355,36.543976,-31.045696,12.946699,-17.601067,5.903354,-14.371123,-5.0020576,-1.6120716,-6.9678435,5.139612
21,-328.19098,154.18837,-52.091248,32.807755,-45.116726,7.0938754,-26.162775,3.553179,-21.288015,-8.0731945,-5.7570586,-10.196145,2.4660175
22,-335.09048,157.34517,-47.372078,40.461464,-38.868137,13.884564,-23.11445,8.368218,-17.368418,-4.26799,-2.8795888,-7.5510488,5.5731144
23,-333.2022,158.08496,-53.34801,37.40208,-45.928234,12.04804,-26.484112,7.326685,-21.008497,-6.375129,-5.9909596,-10.877386,3.1219835
24,-337.89957,159.8035,-46.90318,42.400238,-39.499542,15.105721,-23.432652,9.290453,-17.171305,-3.794899,-2.005675,-5.8648567,7.4071455
25,-338.01178,153.85092,-48.60315,40.16127,-40.644535,12.4190645,-25.087637,6.228184,-20.251472,-5.5453258,-3.8979738,-10.065184,3.8987598
26,-351.56122,137.4755,-44.46333,41.346806,-30.561533,23.794737,-18.26499,11.804949,-13.561403,-2.2294323,-1.2655554,-6.444413,7.726789
27,-346.59265,136.94048,-46.970615,41.56749,-31.731977,25.394426,-17.82718,13.376099,-12.558179,-2.406872,-1.7862735,-7.0804553,6.7667894
28,-351.3815,141.51686,-52.511303,45.424812,-36.25107,29.59201,-18.441431,17.122211,-13.858937,-1.1907685,-2.427355,-7.865892,6.6084685
29,-350.83475,145.01265,-57.623425,48.410694,-38.35362,31.898445,-22.262028,17.78455,-16.071642,-1.3740056,-2.9104054,-8.085836,6.3830075
30,-347.33026,138.48299,-52.882538,41.830326,-35.674686,26.273596,-21.214708,13.09334,-15.609513,-4.0372,-4.651936,-9.160418,5.1617904
31,-346.9583,144.13075,-54.35128,45.399914,-37.30214,27.989141,-20.720953,15.401686,-14.398359,-0.7200186,-2.106371,-8.079064,6.314241
32,-348.75732,143.68568,-52.196224,44.975945,-37.089825,27.272825,-19.98703,15.830291,-14.784311,-1.8385913,-2.5538747,-7.6765404,6.0756044
33,-350.9597,146.52516,-57.684563,50.11784,-39.595127,32.554543,-22.29804,18.686556,-15.344224,0.36723927,-1.8718039,-6.5137362,8.489161
34,-350.29956,143.72697,-55.704884,47.177605,-37.05345,30.448553,-21.150888,17.079462,-15.49509,-0.98903507,-2.7287688,-8.039108,7.0953565
35,-344.9652,140.68591,-54.8768,41.768456,-34.854958,25.224777,-20.318193,14.530478,-15.565669,-2.146726,-2.9651427,-8.628105,5.5090237
36,-343.94098,143.22704,-54.504105,43.1069,-36.327713,28.500788,-20.095766,15.157082,-14.83805,-2.1758955,-2.5207055,-8.132024,5.6271944
37,-342.59085,141.4211,-53.26294,42.930935,-38.02467,24.359896,-21.59283,14.060143,-15.007796,-2.2703917,-3.2596092,-9.041246,5.4078255
38,-343.94046,134.35167,-47.01248,40.203487,-29.396362,25.311413,-16.55685,12.895461,-12.2678795,-2.4678702,-2.5243452,-7.699553,6.3397303
39,-347.2953,137.51645,-57.52818,40.355724,-39.076984,25.509817,-23.047895,13.98861,-15.30253,-1.954625,-4.665552,-11.154347,4.8951893
40,-349.7626,141.7327,-57.955338,40.52593,-40.255962,26.702051,-21.8012,14.035736,-16.412292,-3.5780048,-5.059762,-8.23729,6.732777
41,-344.64798,145.26848,-55.556202,45.23975,-37.56705,28.572878,-21.988594,14.978185,-15.453187,-1.0803158,-2.3140428,-7.49078,6.14285
42,-350.80515,140.36505,-64.33175,43.770058,-42.52621,27.283903,-25.293848,13.95948,-17.412329,-2.7427723,-4.9784613,-9.046461,5.0232983
43,-344.9708,142.5997,-51.627293,45.21003,-35.77774,27.778658,-22.012249,14.259342,-13.981753,-1.3763134,-2.7065973,-8.133967,6.2919693
44,-349.5579,144.0619,-57.445675,46.551434,-35.345985,29.415363,-22.326574,15.176258,-15.471614,-1.7485216,-3.44917,-7.4938536,7.0402555
45,-347.9831,136.28056,-46.52838,40.384148,-32.352814,24.646753,-17.943417,12.629142,-12.6330185,-2.5625396,-2.3657346,-8.273977,4.4870186
46,-350.4751,142.57758,-54.533535,47.063,-35.13857,30.427706,-20.818035,15.801687,-14.00382,-0.8025175,-2.5692036,-7.522213,6.67101
47,-352.06265,141.54,-56.967785,46.818993,-40.563606,26.72309,-25.368048,14.813096,-15.866692,-0.42631662,-2.9125226,-8.402457,3.9871688
48,-354.3561,146.11214,-55.627533,49.915333,-38.143467,31.014229,-22.893072,17.526344,-14.804302,-0.5781396,-2.4785423,-7.6815443,7.054892
49,-346.07574,142.94905,-51.78422,45.232807,-34.061806,27.66489,-19.280329,15.075505,-13.97303,-0.37080622,-1.7327774,-6.494366,7.4615855
50,-351.6972,144.10474,-61.150948,44.488186,-42.09211,29.689827,-24.787558,16.247509,-16.91007,-1.9385777,-4.1598125,-9.92932,4.013497
51,-348.44,139.40265,-58.574993,44.78313,-40.82776,27.35318,-25.883038,13.32387,-17.705168,-3.4396162,-5.56331,-10.249365,5.3500805
52,-346.40387,150.67566,-54.908737,46.51936,-40.18008,25.120043,-23.203066,13.0179825,-17.851015,-3.4192832,-4.1646857,-9.062652,5.241448
53,-334.6661,145.43898,-50.712013,40.96884,-38.19001,19.32937,-22.349825,8.313194,-17.3057,-3.91415,-4.6232576,-9.519798,4.025881
54,-340.08905,142.69922,-52.60846,39.95495,-40.026237,18.613707,-23.430643,10.825378,-16.350336,-4.7855873,-6.5625024,-11.489856,3.408453
55,-340.20306,149.90025,-51.039524,42.43594,-37.55256,21.692373,-20.323322,12.157134,-16.061525,-2.9765942,-3.816774,-8.998682,5.522362
56,-338.65167,148.60939,-53.50396,38.96448,-41.182938,17.340376,-26.245209,8.051072,-19.372326,-6.9881363,-6.5214386,-9.70849,4.8099446
57,-336.6634,144.717,-52.13522,37.929573,-41.046803,15.356145,-24.022007,8.937865,-17.821516,-6.0870285,-6.4047194,-10.889943,4.0188932
58,-339.38675,145.98479,-50.74815,41.9077,-36.70036,20.425735,-22.356733,9.6926985,-16.83785,-3.8330517,-3.4115412,-8.1636715,5.3776727
59,-341.99896,148.52866,-51.54427,45.39467,-36.011116,22.763168,-22.075302,11.33901,-15.354765,-2.1093228,-2.9963932,-8.092338,6.268225
60,-339.47787,147.33661,-51.81921,43.217056,-37.381054,21.85274,-22.204681,11.557298,-15.853395,-3.1425977,-3.783937,-8.84969,4.7044954
61,-336.70822,140.06114,-53.47851,38.43746,-39.46304,15.958914,-24.849106,7.1516547,-18.413506,-5.931126,-5.354193,-10.000915,2.9179208
62,-335.72052,143.9609,-52.535294,40.62504,-38.67793,17.321869,-23.794949,8.454684,-16.581284,-5.2970376,-5.898907,-10.928319,3.463529
63,-349.7698,149.18633,-52.923035,50.2848,-36.61431,28.121532,-23.105314,14.2151575,-16.449284,-1.5436357,-3.220645,-7.981517,7.0727015
64,-336.2927,149.07002,-48.859493,43.298275,-37.47209,20.051054,-22.936426,9.307367,-16.822094,-4.4383674,-5.5098147,-9.803988,4.907163
65,-337.98245,141.8984,-55.48109,36.53722,-41.80111,14.896944,-26.896517,5.3387175,-20.22098,-7.554259,-8.867489,-13.117373,0.99949914
66,-334.9553,146.24669,-53.150406,39.811264,-41.684772,17.410767,-24.30529,9.747648,-17.410404,-4.4031677,-6.7473283,-11.596904,2.0402122
67,-335.86978,147.3988,-49.860683,41.989796,-37.633873,21.447338,-20.762783,10.873716,-15.619221,-3.4558508,-4.551089,-9.362768,4.7609754
68,-337.2101,151.78537,-52.42481,43.692726,-39.677258,21.701132,-23.789652,11.672759,-17.000546,-3.8883362,-5.2404504,-9.7580185,5.591833
69,-344.1725,140.96072,-51.01739,39.660583,-36.65099,17.538473,-23.474026,10.452956,-14.295288,-1.4262551,-2.2504954,-7.932172,4.800684
70,-383.12036,141.4148,-72.69444,62.292904,-47.473427,41.66834,-27.794537,24.073591,-16.471981,5.328061,-0.80333406,-4.0497313,11.316485
71,-387.793,144.8174,-64.54467,61.389965,-41.587097,42.69137,-23.730835,24.266975,-14.133092,4.715429,0.41089547,-4.904143,8.634836
72,-380.75644,147.84602,-67.312035,61.322998,-43.786293,43.35083,-27.349443,23.807388,-16.528788,3.378958,-2.1727314,-6.2403693,8.930898
73,-378.41702,143.89865,-62.473972,58.101364,-40.681995,42.03075,-23.744799,22.170153,-16.270447,1.0258063,-0.81140625,-4.951813,8.753274
74,-373.83136,143.43294,-67.20707,55.59333,-45.630222,37.572327,-28.779123,19.981182,-19.662386,-0.03921155,-3.4382448,-6.599155,9.902034
75,-369.75662,144.5874,-64.35958,57.898018,-40.414173,41.829456,-26.460573,21.487373,-14.801117,2.275809,-3.0125139,-6.9652233,8.751934
76,-372.27856,145.77841,-60.810204,57.248318,-40.210827,40.191742,-24.277792,21.245537,-15.868084,1.6777219,-2.6359446,-6.6646705,7.853618
77,-364.96664,137.11008,-60.03997,46.70453,-41.134354,32.36065,-23.065113,16.155512,-16.782923,-2.1991937,-3.7998297,-5.663583,8.247695
78,-328.74268,182.35753,-59.472157,39.799286,-53.53988,14.640258,-26.556265,15.120475,-13.8617115,-0.68150514,-0.5680266,-7.2195916,6.2912774
79,-330.48065,174.13243,-59.315655,34.983368,-54.22005,11.072177,-26.791098,13.06773,-15.217893,-2.691571,-1.7354671,-7.609109,5.33484
80,-330.78342,177.28027,-60.211906,38.56395,-52.18189,15.124211,-23.50526,15.596257,-13.889954,-1.2660272,-0.67117375,-6.7746096,6.712866
81,-326.4993,178.77385,-57.449585,38.737953,-52.243988,13.187267,-24.282488,14.328543,-13.789634,-1.1314788,0.022434173,-7.1790385,5.497347
82,-331.80432,179.35252,-61.30054,40.21284,-53.993908,15.0676,-26.277657,15.030479,-14.622396,-1.3406332,-0.9566741,-6.9651694,6.368095
83,-326.5372,178.98174,-56.952747,37.624252,-51.055313,14.452987,-22.84395,14.7023,-13.982368,-1.7325759,-0.004833779,-6.755127,6.6236176
84,-333.83466,176.9859,-64.318535,37.665615,-57.44102,13.652049,-28.598576,13.663744,-17.639587,-3.020719,-2.6587663,-7.9742084,5.655111
85,-325.6318,175.61594,-56.971695,36.375717,-50.158894,11.95928,-23.47988,12.659481,-13.092007,-1.2919333,-0.3298063,-7.396598,5.6559
86,-328.5886,179.70276,-59.436268,38.73075,-52.958313,13.869131,-24.968342,14.620483,-13.88901,-1.2510381,-1.2529794,-7.8050094,5.4665403
87,-328.53256,178.18895,-61.87479,38.592495,-56.73569,13.0277405,-28.532139,13.972945,-16.50001,-2.311887,-2.7687464,-8.889821,4.3216033
88,-326.61703,182.19084,-59.177204,39.739895,-54.880234,14.051588,-26.453669,14.664451,-14.911737,-1.4568925,-1.0340054,-7.7024035,5.4981184
89,-328.42075,176.21425,-60.397816,35.33864,-54.846107,10.491643,-27.429632,12.441973,-15.681094,-3.1256642,-2.377502,-8.743577,4.219084
90,-325.05472,176.66241,-55.623848,36.466965,-51.31532,10.882806,-24.39008,12.213958,-13.834217,-2.7377946,-1.1256744,-7.7395773,4.8148
91,-328.35397,176.37564,-57.34285,37.082924,-49.84603,11.611609,-23.347923,13.024229,-13.944921,-2.8736932,-0.8135328,-6.7600894,5.8448615
92,-446.28488,172.18747,-53.673107,57.10943,-55.714504,35.907375,-31.032885,32.373024,-13.399355,5.7640314,-2.873656,0.2815717,12.79326
93,-445.81952,173.9341,-49.14548,61.63247,-44.693764,35.076225,-25.137793,28.392466,-10.128718,7.414391,-2.1183004,-4.3768845,6.269317
94,-455.43494,172.43927,-44.393055,56.334362,-42.644413,31.950323,-21.336538,29.223442,-8.082494,4.956721,-2.827439,-3.5480084,6.8414793
95,-454.3841,175.77498,-45.60346,60.53115,-40.943882,33.101025,-22.000708,30.367527,-7.501911,6.6417785,-3.8872285,-5.000386,5.971697
96,-455.96085,155.3713,-34.241142,43.014927,-34.46381,21.145367,-13.435802,25.643757,-0.9054308,4.284277,-2.555191,-5.952449,5.5153346
97,-459.8293,174.26863,-52.00648,55.786877,-52.911034,33.58117,-28.619318,33.6739,-9.244647,7.5078793,-6.451079,-4.8876724,10.00551
98,-445.94034,150.13666,-42.557,64.50088,-55.201008,39.5742,-27.803577,35.980213,-7.4687963,11.62211,-3.4923778,-4.8719773,8.527351
99,-462.02417,172.41202,-46.1432,53.22481,-49.433712,29.919338,-27.152716,29.298855,-7.80351,6.8229146,-5.3241014,-7.8850455,5.3157663
100,-457.1408,170.26256,-46.048153,54.175785,-52.12093,31.587107,-27.117975,30.211037,-6.6600847,11.70642,1.0089301,-4.559266,3.481268
101,-464.36978,177.5544,-46.874367,55.860405,-41.87112,36.398945,-16.668043,28.842014,-6.049091,6.856437,-1.7389172,-3.563255,5.3358073
102,-460.40335,175.93376,-48.467216,49.139,-51.855244,30.180492,-26.612211,29.904642,-8.9384165,6.984334,-0.9049377,0.04387697,10.986455
103,-451.85834,157.32234,-51.598732,49.002872,-42.59878,38.423016,-24.411942,23.838581,-13.41139,1.2794414,-6.100107,-11.9268055,6.174672
104,-448.97745,166.4501,-54.933746,63.33528,-41.842064,44.057587,-25.29392,22.804932,-15.542978,4.0440187,-2.2068157,-9.884125,6.937054
105,-453.97824,169.37973,-55.057552,63.849033,-40.382504,44.97321,-25.095356,24.043024,-14.682764,4.6981454,-1.5253136,-7.108175,8.215223
106,-459.8704,159.13554,-41.738815,54.600716,-31.591375,41.64708,-19.052317,23.963842,-9.839724,6.0502367,0.86009765,-5.330206,10.826637
107,-453.36514,162.35321,-49.925564,53.42088,-47.764492,40.53412,-28.420776,24.204958,-13.70497,4.7750053,-4.7439885,-11.674932,6.685385
108,-453.99292,155.86938,-42.73295,50.86446,-40.721664,37.195564,-24.476948,20.500399,-13.342663,5.512529,1.4795463,-5.0407724,7.060192
109,-458.55865,165.60115,-54.94445,58.52659,-48.664627,42.611626,-30.351965,26.23751,-16.090275,3.5900474,-5.658479,-10.613565,9.102763
110,-452.21127,169.32536,-49.38352,54.763206,-39.33678,38.25902,-23.824377,20.025082,-14.485864,3.4807599,-0.30014515,-7.428808,7.209005
111,-458.8344,170.5411,-54.76404,65.51822,-41.28629,45.83397,-25.029768,23.729868,-15.601727,4.9879622,-2.6357336,-8.673689,8.087651
112,-462.18582,167.67355,-57.383892,53.6013,-49.54318,40.01511,-31.072517,22.34022,-19.4065,1.7952533,-2.0377767,-2.7448416,12.346487
113,-468.1295,159.32266,-39.263844,54.963413,-33.473267,39.684307,-18.305883,20.664759,-12.492399,2.4034343,-1.4336421,-7.229782,7.3933225
114,-433.7379,148.28749,-57.982933,61.895466,-44.40143,38.220436,-26.211382,17.032436,-16.50223,0.46682134,-4.1315336,-8.936801,5.681795
115,-460.72086,160.89958,-48.783768,48.019966,-43.221397,36.80307,-26.491648,19.45212,-14.688399,-0.13309772,-2.2289217,-2.0895312,11.900916
116,-466.49652,164.71721,-39.29413,59.346973,-34.551426,40.60161,-22.286339,22.15092,-12.808172,3.3638363,-1.968804,-8.183738,8.141915
117,-469.314,162.74684,-36.701004,56.870476,-34.59435,38.93748,-19.230854,22.547655,-12.06625,3.8621795,0.53861904,-6.7261515,8.071893
118,-465.06577,162.48619,-45.79606,57.063046,-43.814934,40.229366,-31.079388,20.078003,-16.226925,4.6869597,1.8053945,-4.613875,7.1516604
119,-461.0927,167.80449,-48.552513,60.334267,-35.477654,42.668976,-24.932007,20.43406,-13.461557,4.061523,-0.7234388,-6.805894,7.3837748
120,-459.79855,159.07138,-47.934074,52.650974,-45.967113,35.05589,-24.256123,23.467993,-14.595855,6.837867,-5.279265,-13.71103,6.5118356
121,-465.75906,169.81769,-43.04789,57.84608,-33.541794,41.299313,-23.594826,21.455101,-13.322366,5.1084776,1.082472,-7.099178,7.6608915
122,-511.62192,200.85118,-47.8989,50.250908,-36.317654,26.101204,-9.835863,19.805208,0.9530373,0.95417136,-2.4020922,-12.2041855,2.8696961
123,-536.86505,198.01285,-27.822811,44.512257,-34.481647,26.042992,-5.6397753,28.426302,6.016263,8.741233,-3.043788,-13.542834,2.1794236
124,-518.0727,184.67146,-41.27081,34.656178,-52.57421,32.402317,-23.9434,33.328674,-4.664511,1.5565163,-5.1092796,-0.80109334,13.452793
125,-474.66318,181.41829,-68.30624,54.708977,-53.789104,29.339228,-26.90031,23.48149,-7.687031,0.7718299,-5.725773,-12.412544,5.321749
126,-497.19662,162.64313,-32.107674,44.208347,-50.46169,36.04085,-21.44022,26.992926,-3.6198385,5.80019,-3.5194392,-4.432525,10.092276
127,-488.922,130.96938,-76.818596,78.85276,-71.14462,37.40095,-32.50513,39.122536,-12.702685,12.462127,1.2734392,-15.623095,11.755436
128,-504.26645,193.83961,-47.444668,50.57613,-34.033974,26.174631,-9.496922,18.455584,2.270814,3.4024796,0.094845444,-9.707953,3.7462206
129,-509.60065,170.42053,-36.27952,41.08433,-50.802727,29.942926,-22.112059,33.618095,1.4769338,8.451005,-4.1383166,-9.109097,6.0776873
130,-507.20184,170.04765,-26.786535,39.10334,-50.13101,31.581524,-20.569569,26.207397,-1.1339742,13.380028,1.8659617,-5.703409,0.9825665
131,-492.62622,189.90854,-49.205315,52.98896,-45.318943,25.432299,-16.56647,16.64056,-2.063971,4.759606,-0.4675737,-7.150287,8.428971
132,-509.4957,164.75327,-26.221916,40.787785,-49.70997,34.185745,-18.789515,26.411612,-1.7032323,12.953282,2.2121499,-2.5540469,4.1239944
133,-510.1489,176.12108,-28.549417,35.099632,-50.64732,28.860846,-23.506031,24.58011,-0.9442534,10.797847,-3.7260785,-8.205673,6.4839263
134,-446.4551,174.50253,-61.84047,59.73676,-49.400032,28.732178,-29.730347,13.364434,-11.585437,9.401865,3.3812199,-2.4876451,9.302892
135,-474.14392,198.6108,-50.049786,57.32138,-38.499744,26.71494,-24.850258,15.265826,-6.3255033,7.772607,4.545003,-4.7271,7.8301935
136,-468.8433,194.28691,-54.242428,58.561127,-35.694103,26.134878,-24.130049,15.991251,-3.6232135,7.974744,2.7294672,-5.1816807,8.551019
137,-473.54764,189.73422,-51.561165,45.607704,-46.460674,31.433836,-31.043236,22.851341,-9.895548,6.507698,-1.3645451,-3.1624458,11.551814
138,-379.71368,133.00455,-84.80046,96.613396,-42.964245,28.173706,-41.82358,38.19671,-1.3590839,4.916631,-1.979122,-0.4892329,9.478761
139,-384.1807,130.2141,-85.8358,97.92845,-55.898838,20.066969,-33.445683,27.77482,-2.5563989,16.557783,-13.888551,-2.571395,13.397059
140,-402.21475,145.4889,-77.40541,86.22546,-42.601974,17.337597,-27.559772,42.817123,-8.685202,-6.6700025,6.178457,1.1840183,-1.8136228
141,-452.76538,171.4827,-47.120125,67.11235,-42.67492,18.790783,-21.036829,36.66129,-6.9781594,-1.0384874,12.438728,-8.298882,-2.5952811
142,-463.38275,177.81009,-32.796734,42.947308,-49.644646,28.561333,-28.614586,23.396175,-5.582291,9.327225,-0.8391789,-7.710893,2.6354303
143,-441.99695,171.48521,-58.57644,49.595486,-40.02256,46.045517,-13.2681265,24.574728,-16.836332,7.3090796,0.30246004,-6.4295516,5.778341
144,-433.19614,162.00293,-64.63947,55.89865,-45.12218,50.715126,-16.48887,29.467215,-13.330014,10.130507,1.2771494,-7.297855,5.3092513
145,-444.36444,177.82243,-61.168213,51.663216,-44.17347,47.573456,-13.957464,27.249708,-16.02997,9.309,0.15468182,-6.6934175,5.9877214
146,-444.3845,179.58208,-62.512177,51.690056,-43.79906,46.03784,-16.442007,25.596622,-16.530016,8.136308,0.8291732,-6.1115446,5.3885155
147,-438.96368,170.66441,-56.609913,47.51529,-39.56878,44.35293,-14.01137,24.394403,-16.408995,7.961984,2.4874392,-5.987583,5.2423863
148,-445.58374,170.89659,-60.326187,50.40299,-47.061462,47.943665,-14.988653,29.252214,-14.484296,12.523152,4.1080527,-4.609936,4.4531817
149,-448.3243,168.8374,-57.80058,50.160297,-39.96612,47.73056,-10.062697,28.387815,-13.827198,10.174526,3.2751255,-4.750193,5.2065215
150,-444.9093,169.40256,-53.19213,46.877934,-40.4845,45.90022,-10.87826,25.83571,-15.13729,10.537539,2.765394,-5.9712095,6.0993857
151,-441.12854,173.71825,-60.170597,52.53966,-43.303226,48.21547,-14.932091,26.988127,-16.559483,8.624439,1.5345803,-6.0604167,5.9619966
152,-441.67886,166.73566,-56.06988,49.91402,-42.026455,49.076572,-10.713457,28.36372,-14.167192,10.601538,2.4272707,-7.0959554,4.7512016
153,-436.58917,170.31819,-60.702908,48.49005,-40.908325,44.836163,-13.864087,24.107893,-11.936076,11.665295,1.4825441,-6.686904,7.0515018
154,-444.67975,171.8741,-57.51442,49.355076,-43.426308,49.397186,-10.7008505,28.051489,-15.805568,9.501949,1.2841359,-6.2191114,5.528187
155,-438.2509,168.9617,-58.779007,47.653423,-39.242073,43.068127,-12.568739,25.454899,-13.707176,8.905401,2.7973537,-4.7951865,6.1406074
156,-438.11963,165.27487,-65.010864,53.860428,-43.23831,51.4824,-15.295019,30.013538,-13.8411875,10.179406,2.448096,-4.979275,6.6794996
157,-448.38547,171.41202,-55.303467,48.760338,-38.63257,46.448494,-8.820323,27.218458,-14.774521,9.091219,1.7018814,-4.9911366,4.7697186
158,-444.05707,174.2719,-59.518715,51.758987,-40.515064,46.448277,-12.906397,26.62665,-15.152233,8.981199,1.313536,-5.3952346,4.733964
159,-441.45563,173.01344,-62.514587,52.49476,-40.04304,47.102123,-13.122187,27.111013,-14.116481,9.586753,1.5516337,-6.224654,4.7917504
160,-442.49646,172.88004,-59.725353,49.513943,-38.160328,44.756107,-12.085381,26.470694,-14.832192,8.042192,1.5150398,-5.707685,4.4705906
161,-442.01202,171.86345,-60.73859,52.312653,-39.87267,45.446163,-12.875188,26.848568,-16.130106,9.563538,2.2400556,-5.1192307,4.9690647
162,-433.71643,156.83968,-63.319878,54.692123,-47.37391,54.01925,-16.90174,32.46181,-14.692632,11.001692,1.3988049,-1.7756869,4.836649
163,-454.243,161.726,-69.52247,48.874077,-48.362076,48.816017,-14.447682,31.447472,-15.497745,10.941828,1.3457874,-4.539615,5.3704777
164,-448.69598,171.95808,-54.624947,46.482014,-38.54787,46.220848,-7.9519277,28.116713,-13.950749,10.953515,2.5449548,-5.4279294,4.758304
165,-441.7996,174.28317,-60.978737,51.533997,-42.15609,47.023563,-13.004338,25.488075,-14.915234,10.60618,0.53693503,-8.539327,4.0652194
166,-442.4902,165.69685,-57.63871,41.763657,-45.51537,44.40823,-11.77573,25.437523,-12.413274,12.281379,0.12676358,-8.196605,4.544352
167,-439.10043,171.38522,-65.25816,54.890556,-45.29795,47.400593,-15.727046,26.667995,-15.131992,9.749378,0.5484004,-6.65736,3.987832
168,-443.81854,174.54517,-59.71634,48.727776,-41.46795,45.75108,-13.242877,26.020277,-15.189363,10.1269045,1.6343768,-6.5130534,4.948788
169,-444.61246,176.57652,-62.506752,52.513306,-43.26162,47.111668,-14.95093,26.576603,-16.869226,9.396618,0.835782,-7.105375,4.733987
170,-441.72012,166.96724,-58.32388,42.17719,-44.69535,43.941833,-12.345571,28.797459,-12.124704,12.679638,3.5155134,-6.360126,1.7872878
171,-447.26697,175.28531,-63.39861,49.604893,-44.778614,51.004322,-12.411622,28.895098,-16.366196,8.591169,0.8850673,-4.6343336,5.4174614
172,-436.44028,169.05702,-66.92398,54.522152,-44.21539,48.97273,-16.48032,27.469099,-14.930183,9.555549,0.8887808,-4.982687,3.7565227
173,-440.47092,165.41187,-60.10949,52.08474,-47.458702,50.263767,-14.143212,27.032122,-16.263187,11.72649,1.4640204,-1.5975018,7.7792583
174,-444.84427,169.64157,-60.9282,48.838825,-42.161274,50.602425,-10.293305,29.517221,-14.164222,10.20246,2.4266706,-5.1773176,4.987462
175,-441.75613,175.834,-61.13143,50.15565,-40.944984,47.2632,-13.473304,25.444202,-15.971191,8.820752,0.38883618,-6.779365,4.1931067
176,-443.64813,170.27124,-63.33581,49.49545,-47.662865,45.67234,-13.594876,29.437128,-14.621888,15.467837,6.4813104,-3.6043515,6.417012
177,-441.62552,174.59776,-62.381145,49.75243,-42.79325,46.057243,-13.725504,25.804808,-14.287699,11.408607,1.9090024,-5.6994376,5.8149385
178,-438.08658,167.99304,-65.811844,49.056683,-44.55736,51.742577,-12.14338,29.807362,-15.379529,9.487877,1.5391418,-5.0370164,6.6312785
179,-436.19257,165.27422,-56.92599,41.818333,-46.9805,44.267147,-13.857193,27.230406,-12.40003,14.073759,4.788204,-4.1650734,3.179089
180,-449.62695,168.76959,-55.24186,44.20496,-38.585102,47.080513,-5.9245057,28.79454,-13.081223,12.083006,2.9994764,-4.7704363,6.7596426
181,-441.89932,171.44939,-63.059326,49.858215,-43.259026,51.93509,-11.159737,29.306335,-15.697993,10.725864,1.7565209,-7.06956,4.7375216
182,-439.81918,170.4628,-62.950607,48.45767,-42.58304,51.62324,-10.465334,29.267103,-15.490451,11.049026,2.7109878,-6.645596,5.439565
183,-446.1994,173.38174,-57.011593,46.034866,-40.90256,49.720463,-9.588056,26.318007,-15.560792,12.551676,2.658229,-7.3693995,4.1953797
184,-443.95193,172.86272,-63.714405,42.37734,-49.957775,46.69995,-15.522023,27.818151,-16.809748,12.083679,4.552352,-1.6702993,9.112991
185,-448.03613,169.05737,-57.325497,45.98952,-39.433273,47.91018,-7.388404,30.109938,-13.343757,11.418018,3.1931543,-6.6090956,3.981873
186,-439.51254,176.76245,-61.49046,51.472084,-42.872974,45.213367,-14.485157,25.174013,-16.833487,9.106494,0.59627247,-6.242653,5.055956
187,-445.6676,172.60071,-64.071,45.624256,-48.339886,47.847145,-17.01424,30.036604,-15.731174,9.881342,0.5800339,-4.9623356,7.718409
188,-446.53897,168.27287,-60.341095,43.929237,-45.96941,47.17856,-12.894141,29.887228,-13.199253,8.889948,-1.204133,-7.0655465,4.6598067
189,-441.9755,175.26102,-60.41573,49.755325,-40.78607,45.32943,-13.768764,25.382423,-15.96268,7.5750184,0.0958555,-6.2201247,4.68112
190,-443.89423,170.06685,-61.55746,47.859306,-47.76122,48.716755,-13.716985,31.236124,-13.798136,12.795131,3.6115792,-4.8045125,2.4826274
191,-441.56134,174.03098,-62.768284,50.84443,-39.69816,46.91222,-12.598668,26.520718,-15.595041,7.702066,0.09637313,-5.5219445,5.1571064
192,-445.47095,172.37503,-61.26073,48.626545,-41.367195,49.376022,-9.668007,28.649908,-16.388529,7.276828,0.719221,-4.274437,6.137566
193,-411.52014,166.43616,-72.17329,54.04748,-44.055984,53.53589,-27.577374,23.783184,-17.52679,11.801434,3.9655025,-7.0278773,6.508763
194,-413.37592,168.86707,-67.80318,49.45842,-39.669094,49.266224,-23.195639,20.584175,-14.732525,12.326538,3.648021,-5.850086,7.9386272
195,-421.25574,172.79295,-73.95947,47.502396,-51.49894,49.981476,-27.405733,27.029503,-16.733698,12.747811,4.718793,-2.5813563,10.138595
196,-420.74304,170.12173,-66.27608,51.172535,-49.75572,50.50864,-25.527668,26.515879,-16.773409,11.510772,3.35279,-7.082261,3.1107514
197,-412.5822,160.47636,-72.19506,58.14565,-48.498196,47.607346,-22.566954,26.493366,-17.281687,10.532819,5.4908442,-5.780364,4.127195
198,-419.40244,163.32346,-64.33528,51.42829,-52.475952,46.88935,-24.028536,27.63607,-16.396452,15.276242,9.42952,-5.091908,1.4724259
199,-418.69162,164.48834,-69.88246,47.856464,-49.488598,53.152203,-23.965351,27.369299,-18.279613,10.67216,5.271057,-2.913964,6.714018
200,-416.45758,166.64195,-65.30053,55.6269,-46.58584,53.209106,-25.141224,25.98529,-17.22856,11.7352,4.847372,-6.4647775,3.0221238
201,-405.44604,142.4379,-73.51815,51.087326,-46.999702,49.995956,-22.474995,26.428288,-14.248736,9.946158,3.6280618,-7.1955953,5.01744
202,-416.05197,160.95985,-61.058792,52.474087,-42.587273,52.00241,-23.230742,25.943386,-14.242339,12.030346,5.6096096,-4.9625683,3.819188
203,-406.585,155.94383,-65.394585,57.42571,-43.544292,52.82003,-26.206629,25.395868,-10.317179,8.722542,0.487521,-2.2931726,4.000894
204,-415.93265,161.45937,-64.80012,58.514282,-43.44045,53.59822,-26.040535,28.422527,-15.80959,8.541977,3.8505259,-6.356221,1.9156857
205,-413.12207,162.71408,-66.59792,58.18548,-45.33961,53.412865,-28.83529,25.817766,-15.417593,11.455849,0.4822969,-6.459662,5.4730945
206,-414.2147,159.71654,-69.69081,53.328438,-48.537712,51.520817,-28.444948,29.36007,-13.304457,11.376378,-0.39079478,-6.2728224,7.574723
207,-411.45325,161.42691,-67.28444,54.635605,-45.924137,50.451317,-26.950806,27.442598,-14.635768,11.276126,4.0191593,-5.8213882,4.986542
208,-418.83875,162.9079,-68.591255,51.482735,-52.56983,51.387585,-25.436255,30.075243,-17.084984,11.114306,5.137984,-4.649004,7.7787623
209,-419.20068,165.75061,-66.91171,51.80462,-53.703808,51.43045,-26.857264,30.521416,-16.723522,13.298497,7.2699566,-2.9533162,7.6527357
210,-408.89606,151.88278,-72.47279,58.711082,-51.143246,52.27011,-27.361723,28.059608,-16.00758,12.4681835,3.822256,-6.1920495,4.2508187
211,-421.7281,163.36137,-63.15334,56.692055,-44.759834,54.67698,-22.51849,29.089128,-15.977195,11.032348,4.6323953,-7.4288936,0.8039181
212,-416.93805,164.32565,-66.19774,55.25667,-46.561367,50.946835,-25.63303,27.4903,-17.400255,10.878755,5.136736,-6.9515147,2.6733658
213,-325.15753,117.75269,-70.78201,55.529556,-46.87696,44.712177,-18.520365,23.85068,-14.877271,4.846893,-1.9226378,-9.605222,9.199973
214,-332.64835,120.6416,-80.19592,57.638233,-53.15852,46.687206,-21.559374,27.503372,-14.202289,7.539586,-2.4604113,-10.364786,9.810017
215,-308.65167,116.423134,-76.809906,55.598743,-50.085175,44.268364,-17.181545,25.18187,-13.371191,6.052801,-2.5133872,-11.201677,9.276675
216,-322.0683,112.205696,-73.532875,57.3099,-46.913296,48.149235,-15.549879,25.610155,-13.10098,7.533296,-0.65223485,-9.656802,9.390196
217,-322.72937,119.00594,-82.83711,59.245434,-55.511074,49.61301,-21.341234,27.321224,-16.079962,6.7625,-3.1739883,-10.513146,10.985717
218,-313.515,115.23029,-75.524414,55.05343,-51.7456,43.89388,-18.214352,23.864223,-12.729984,8.627859,0.51601946,-7.3170757,11.832082
219,-328.86572,114.18987,-65.77178,54.814148,-44.523525,44.669357,-16.954773,21.4821,-15.310149,3.8885245,-2.5444658,-9.960584,9.272318
220,-349.73694,116.866135,-76.61967,56.058475,-53.100254,47.845516,-23.110899,23.531055,-18.08372,5.114849,-2.3750145,-8.931174,10.358412
221,-312.33707,113.4793,-74.38276,55.079746,-48.703922,44.95387,-17.781456,22.10824,-14.441123,5.361763,-2.369131,-10.392595,10.175667
222,-347.16498,114.549484,-65.903305,52.510784,-46.47272,43.626606,-17.566002,24.863096,-11.967334,8.097103,0.10398196,-10.689798,5.100269
223,-325.89133,110.81705,-69.24552,49.860428,-46.51869,41.38699,-17.116709,21.861425,-13.317885,5.580288,0.54987633,-7.5355983,10.787309
224,-338.39005,122.49119,-82.01088,67.006226,-53.304745,56.476746,-21.43059,30.411398,-16.910275,9.029395,-2.4832141,-10.361849,10.124285
225,-386.49478,129.20093,-57.666645,53.306152,-39.448994,45.65204,-18.247105,25.664421,-13.899373,7.034157,2.4511814,-6.5143957,7.3014393
226,-355.40283,116.08096,-59.583065,52.07549,-37.02564,44.3399,-12.488936,23.583504,-11.59939,6.1218295,1.4393308,-6.7288055,7.99138
227,-356.4539,123.627205,-70.036705,61.688396,-48.062187,52.071743,-20.912287,24.810007,-18.183062,6.4774995,-0.77759284,-9.245768,9.157755
228,-389.69128,135.53123,-68.90437,63.328728,-46.107704,55.536716,-20.142746,31.107048,-16.365025,9.439144,2.3979912,-6.5129533,7.3336787
229,-351.01953,122.28088,-63.988853,54.033188,-42.089706,46.768414,-16.549528,22.940329,-14.809659,4.9002795,0.17017268,-8.633962,7.140617
230,-349.80917,125.38326,-73.54167,64.97217,-52.357296,51.967854,-23.379948,26.253439,-18.563622,7.465743,-0.5230865,-8.574603,9.867509
231,-355.39752,125.45034,-75.52243,64.35951,-49.959015,54.183796,-19.84632,29.569757,-17.26567,8.004088,0.20195521,-8.220187,9.144289
232,-354.74326,119.95524,-68.606804,51.635036,-48.125065,45.61564,-17.333464,24.378002,-16.445732,5.46907,1.2626599,-5.928988,10.122879
233,-384.2756,127.0668,-56.06424,54.085335,-39.087303,46.261974,-16.06067,26.111954,-14.347367,5.8364167,1.6463637,-5.9540606,6.926257
234,-338.49963,118.831245,-76.79134,56.10896,-50.557312,44.307106,-21.215519,23.868126,-16.660816,6.1668086,-0.9057045,-9.702666,9.1848955
235,-340.99136,111.784874,-63.99321,51.590233,-42.74729,41.66648,-15.276423,22.281975,-13.158323,5.697962,1.4505085,-6.9618077,9.42966
236,-356.6584,120.929214,-70.404434,53.30051,-49.226124,45.975243,-20.172537,25.167929,-16.60022,4.7901998,-0.11146521,-5.3665867,12.16346
237,-352.57077,112.76858,-60.690052,45.08058,-41.442265,39.934757,-15.550185,20.488989,-12.626581,5.739975,1.7602212,-6.288323,9.264954
238,-354.62445,121.74745,-66.7692,59.533604,-46.86173,50.491383,-18.856201,24.981033,-17.239773,6.255895,-0.0101758065,-8.745089,8.7471485
239,-350.63913,120.21224,-70.33136,55.225845,-51.968975,45.938,-20.30229,24.22861,-16.094418,6.7594824,-0.809493,-9.542887,8.395833
240,-354.7544,124.34338,-68.355835,58.097626,-49.030933,48.381207,-20.454166,24.042265,-18.483135,5.5762057,-0.79156,-9.29207,7.498675
241,-406.33563,146.42755,-67.44632,61.55921,-49.381824,56.198082,-23.72067,29.983112,-18.923721,10.502344,4.3002257,-4.986777,6.743979
242,-373.06946,127.22959,-67.25945,52.6526,-48.115276,47.92814,-18.720007,26.378752,-14.58298,7.3392944,0.69787925,-8.437051,6.298057
243,-389.04752,134.47581,-63.501766,55.211716,-45.983097,47.485893,-19.481262,24.85893,-16.837904,6.8160768,2.7452745,-4.9927545,7.704505
244,-387.26367,143.73123,-76.773636,46.726173,-58.45522,68.85629,-31.379436,36.43704,-8.344329,20.188923,12.081607,-11.514324,13.671476
245,-380.83917,143.68558,-76.56173,40.77401,-63.505962,66.01568,-34.603806,35.066025,-6.6083856,22.449015,14.16315,-12.193066,14.1567
246,-374.2139,148.79161,-73.97155,44.732605,-60.6883,66.729706,-35.560505,33.64142,-9.871282,17.18465,11.249454,-14.737273,12.423965
247,-372.91736,147.1395,-73.9908,44.1429,-58.856308,66.30784,-35.73913,33.200985,-9.776198,18.053507,12.339235,-14.501096,11.733554
248,-372.17917,148.17355,-73.358116,43.50635,-60.374783,65.88794,-36.24022,32.007473,-9.516328,18.50074,12.016076,-14.504545,13.176867
249,-376.01346,143.11597,-73.70678,40.968433,-58.320477,68.19871,-30.974293,35.692505,-4.9659224,21.352993,13.895651,-14.379715,12.32812
250,-375.50217,144.6768,-79.114265,39.716965,-66.029915,64.55347,-37.033737,35.27361,-7.181765,20.93559,14.015159,-12.754022,14.041605
251,-377.45517,143.91342,-79.284096,39.70766,-64.803055,64.851654,-36.200012,35.891254,-5.740808,21.646603,14.610522,-11.791569,15.055315
252,-375.55612,144.442,-78.03257,40.48037,-63.47853,64.895294,-36.31099,35.002773,-6.8256865,21.097982,14.640594,-12.402101,12.537888
253,-373.9052,140.32199,-75.50415,38.530148,-60.42967,65.37476,-33.62891,33.862442,-4.9105005,20.847544,13.612522,-13.817583,12.103147
254,-415.51376,138.74171,-84.2206,99.93476,-39.60045,36.50441,-38.434177,22.851944,-15.118385,6.1225204,-5.07163,7.063274,14.204049
255,-412.55707,132.23074,-78.22328,96.49933,-33.184082,32.62325,-35.344917,21.728577,-12.931496,6.202438,-2.8697634,7.939768,18.394335
256,-412.6403,137.19312,-82.56181,101.83071,-37.690224,36.54822,-40.412285,20.777355,-18.454536,5.733807,-5.978637,6.586652,18.219639
257,-415.3365,126.464836,-78.349495,103.69327,-33.058304,35.59523,-36.166325,23.169138,-14.847174,5.459424,-4.371724,9.5371,20.878376
258,-414.26855,119.23939,-78.24306,100.70758,-31.132664,36.213993,-34.190845,21.203604,-14.771722,6.269062,-4.1748276,7.5754266,20.271353
259,-406.39166,131.66838,-89.80478,98.28694,-44.170216,35.16231,-42.134388,25.99525,-13.865439,8.037818,-9.517324,2.452293,17.219847
260,-406.6279,130.32797,-81.85316,103.655525,-39.084587,37.62401,-40.57229,21.675545,-18.001728,5.6049914,-7.741775,3.634421,16.27985
261,-411.97333,122.05356,-80.42873,106.52657,-32.87428,41.04853,-36.30423,23.349518,-15.460183,7.3888655,-6.170435,5.372789,18.498272
262,-405.13373,130.53552,-83.43859,104.79354,-40.489925,39.36762,-41.387665,22.607286,-18.080395,5.7508745,-8.585187,3.7436008,16.512627
263,-405.65793,120.97601,-83.07102,99.72944,-36.280846,42.12512,-33.402798,23.184963,-16.391708,4.780571,-7.026819,4.643617,18.417532
264,-419.56793,138.04608,-80.78734,89.83267,-39.67971,44.44243,-29.823675,20.100143,-8.473406,11.744334,3.1990798,2.091701,9.791325
265,-416.1756,135.47401,-86.51152,84.46583,-42.41362,44.13829,-30.871681,18.428953,-9.206062,11.817462,0.3668312,-0.9332356,8.946573
266,-416.32208,121.90684,-81.619965,79.00942,-35.541973,42.26212,-25.085669,16.68525,-7.210751,10.434629,-0.7175143,-0.469861,11.08135
267,-417.06012,131.72351,-93.47634,75.99243,-52.580784,42.94275,-34.53591,17.047129,-16.260162,9.674075,-3.476877,1.8242671,17.232357
268,-415.60287,133.89558,-86.066,87.33286,-41.134045,52.98971,-27.516346,19.66294,-15.493664,11.340161,-1.0010865,1.5452961,14.204003
269,-417.30652,118.38171,-100.01023,82.36055,-53.47927,49.263767,-38.783783,19.56929,-21.452482,8.790231,-0.66684943,-0.8820144,15.576439
270,-411.32602,132.99936,-91.78111,86.29204,-51.36454,48.446533,-34.83285,16.882515,-19.782093,12.172135,1.3618842,-0.069162354,11.27434
271,-414.72382,126.87654,-89.04395,83.28066,-50.450455,44.625282,-35.492977,15.814213,-16.341042,12.817528,0.5906031,-2.5423763,6.5703087
272,-413.7743,133.9467,-82.49335,89.383644,-42.165005,48.69193,-30.68669,17.468916,-15.793361,11.357986,1.1470965,1.1856146,10.982857
273,-414.7162,126.32744,-85.525955,81.7885,-46.337044,43.02476,-32.498592,14.888523,-16.102325,11.850522,0.96805686,-1.7660921,5.242556
274,-419.50372,149.37509,-81.42728,80.371254,-41.7926,42.457085,-27.230898,14.275566,-15.070336,8.454109,7.7334113,2.2165754,8.565115
275,-423.2101,142.44058,-83.25121,90.003365,-41.463493,47.951157,-28.947878,18.630825,-14.381512,11.142434,5.5637965,0.90504885,9.029649
276,-413.57385,143.8434,-84.95191,84.79167,-49.591587,42.906185,-31.46928,17.5978,-13.036737,11.442238,1.6374162,-2.0594754,9.331382
277,-414.5745,144.16808,-84.95256,90.75631,-47.19739,47.50484,-33.47589,17.08852,-15.507577,11.638352,0.09496033,-2.2038982,9.086852
278,-412.98782,139.5008,-83.956024,89.59364,-44.59493,47.62496,-31.109102,17.97844,-14.129683,12.114969,-0.56643426,-3.5710287,8.255565
279,-423.86066,141.61032,-93.43083,78.79515,-54.053406,46.30594,-31.891735,19.71405,-19.367262,7.053297,2.0557053,5.6762476,14.285823
280,-418.97183,140.10603,-88.28241,87.06706,-45.276176,51.222897,-29.082575,21.190874,-15.250779,10.649542,1.8745929,2.1355777,11.015385
281,-412.9496,139.97751,-94.71005,79.33251,-57.95433,42.407673,-38.276497,19.587107,-18.069326,8.571704,-3.9650936,-4.1691437,8.863081
282,-420.87247,133.8939,-94.46518,81.61296,-53.53079,44.591103,-36.71222,17.74206,-18.313175,9.086968,-2.7340767,0.9620343,15.983743
283,-417.2949,134.86015,-84.6766,87.71912,-41.319252,49.8827,-28.597643,19.19214,-15.535525,9.885303,-0.76581943,-0.557856,9.905257
284,-421.20932,143.5398,-83.23572,89.13984,-41.189865,46.12802,-29.219797,17.191496,-15.629226,8.1290865,-0.24503483,0.33609506,8.379935
285,-420.0478,135.34726,-97.96319,80.1899,-53.125515,40.961536,-38.16187,19.130705,-14.690683,11.17594,-2.0893734,-3.1163044,10.560189
286,-425.32693,131.01537,-95.1439,78.827614,-51.86149,38.78047,-36.575684,17.20765,-17.422026,11.418889,2.3939755,4.1313157,14.521977
287,-415.81833,142.0232,-87.27815,90.605644,-43.05979,49.22189,-31.54161,20.644121,-17.715431,9.389438,-1.7060705,-1.48152,8.547292
288,-415.9793,132.97261,-88.529236,86.889824,-39.834396,52.70554,-25.747303,20.13528,-19.020384,9.075008,1.8879087,4.4116025,13.766184
289,-413.66776,134.89824,-89.232796,88.18255,-42.696545,54.209255,-27.77308,20.444601,-20.902742,8.594602,1.2270607,3.6416197,11.585587
290,-416.21527,136.24321,-88.532715,89.405525,-42.647346,53.12812,-28.504147,21.29362,-20.125673,8.887417,0.2333683,2.699749,11.317202
291,-410.76328,122.25109,-87.245705,81.707466,-40.62925,44.846855,-28.729355,15.073885,-18.974949,8.287166,1.5617437,1.8663336,11.479385
292,-412.63342,125.22135,-80.22031,89.53366,-34.322247,50.857925,-26.865377,15.89769,-17.119633,10.807607,1.6361727,-0.23251998,7.9654837
293,-409.19638,125.524895,-84.29892,81.27353,-47.218765,40.986313,-35.21602,13.506981,-17.156477,14.9418955,3.1537733,-0.71745545,6.3760104
294,-412.18503,126.97913,-94.781235,88.17963,-48.08637,53.068817,-34.900433,19.750761,-21.440186,11.5192795,-0.68447906,0.10288417,10.397545
295,-406.94943,128.60075,-81.32249,89.3926,-39.851,49.051514,-31.324837,16.22804,-16.853868,13.243936,0.7470028,0.55351967,10.330189
296,-411.0714,129.77701,-88.63803,96.644905,-42.739796,55.353645,-34.808647,21.133507,-17.785486,14.797224,-0.71850467,-0.8132284,7.046525
297,-401.88492,127.64414,-87.05742,85.60311,-45.428547,44.391132,-35.6582,15.943233,-18.42563,10.237453,-1.3604842,-0.43935597,9.619811
298,-410.29657,129.49815,-87.54597,92.66861,-41.531723,56.702374,-30.896843,19.054869,-19.787146,11.659417,-1.7827368,0.5381164,11.377531
299,-410.54865,123.36706,-88.23359,88.67755,-45.551666,46.962887,-38.81,16.072182,-16.697662,14.564553,0.08546707,-1.9058475,5.8481364
300,-408.7617,133.17278,-87.334045,97.25341,-43.476063,53.449287,-38.495705,18.309593,-19.810205,12.598878,-2.3655825,-1.3404955,9.309982
301,-412.90445,118.00527,-90.82073,88.523254,-47.397377,48.207638,-39.894653,16.410116,-17.379498,14.252635,-0.10982131,-2.3956344,6.7619147
302,-409.92752,116.31715,-94.34426,81.7324,-49.415012,47.423008,-35.866856,19.472881,-17.796902,8.079016,-7.455759,-4.5347676,12.758769
303,-399.69617,118.644585,-80.69469,81.87993,-38.782455,44.061848,-31.699825,14.744876,-10.38028,15.010602,2.4799087,-0.9924813,11.241463
304,-403.6856,144.07019,-87.22874,75.1538,-51.14065,39.3293,-23.032862,23.460241,-21.910147,0.010471744,-0.38979337,0.9350491,13.605398
305,-409.44528,149.40303,-80.114426,79.96419,-46.146515,36.758408,-21.959927,26.149103,-19.944384,0.35447285,-2.3018477,-0.4995999,17.423662
306,-408.73495,140.63414,-78.4648,78.58245,-45.832085,37.911377,-22.051792,27.113548,-21.544935,-1.1056387,-3.543436,-0.30620253,14.807615
307,-411.9024,145.34981,-80.29447,78.69241,-45.45566,36.988266,-19.319351,28.059505,-19.596668,0.6981022,-1.4071014,1.5585997,19.46741
308,-407.9939,145.61342,-79.45642,80.48555,-46.271267,38.734806,-21.903723,28.026215,-20.337769,0.81121725,-2.2567647,-0.5031198,16.009825
309,-419.79068,145.685,-69.59706,72.353424,-38.46072,30.22662,-19.050966,23.676815,-17.020603,4.0631824,-4.792481,-11.11355,21.18598
310,-428.60135,153.51874,-76.20086,79.2829,-45.38013,37.832954,-18.967136,30.45398,-20.035084,4.876475,-5.26148,-9.904213,23.445099
311,-427.91644,146.00356,-79.671165,70.22978,-52.719025,28.42262,-24.223137,28.634184,-18.950752,4.7612505,-9.162573,-15.356929,17.659864
312,-421.55954,143.83124,-79.81491,82.27967,-50.833736,37.537148,-25.89542,26.496065,-19.316996,5.4362845,-4.839374,-10.444866,19.209906
313,-417.71988,132.4347,-79.09362,78.76763,-57.865566,40.945007,-32.505108,27.591845,-22.599855,3.3146775,-5.7469683,-11.581266,18.653809
314,-426.57724,148.11932,-73.39294,76.07678,-41.693752,35.11388,-19.081623,29.343542,-17.935514,5.2333813,-5.0987,-12.1626835,19.675777
315,-430.92233,151.0755,-70.57755,78.84957,-40.762337,37.742744,-21.561792,30.536154,-18.092428,6.323618,-1.7881361,-14.9772625,15.391282
316,-427.49493,151.80017,-75.436646,78.80301,-44.403786,40.311028,-20.588713,32.22758,-21.821568,5.1835,-4.2228594,-10.686057,21.457706
317,-429.02744,144.19096,-75.84931,72.97515,-48.678093,32.44564,-26.77171,28.85846,-20.195467,9.475927,-4.272973,-15.609874,15.876303
318,-424.64075,153.01807,-71.562836,76.00951,-44.17841,36.419277,-23.975166,30.18582,-21.554672,7.142874,-4.017176,-17.61912,18.985348
319,-423.85275,150.80925,-69.85542,75.60541,-43.179863,37.26702,-24.8651,30.36966,-22.317198,7.3247046,-3.7918806,-17.151188,18.77129
320,-426.22766,154.86537,-69.19856,72.55792,-41.58196,38.954876,-28.128416,26.587465,-21.72332,5.128007,2.9871778,-11.632545,9.969454
321,-432.03476,149.69542,-66.24584,73.382706,-38.71397,39.052525,-24.133347,31.946983,-18.753414,8.174795,4.4142537,-13.754432,12.666763
322,-431.6247,152.01952,-74.88146,64.063446,-48.250916,36.67841,-30.579157,28.12243,-25.415176,1.819166,4.3528247,-8.260408,13.165204
323,-425.51138,147.19534,-63.166603,68.48005,-34.5177,33.084576,-21.71042,28.450893,-17.461489,7.4053783,2.89789,-11.571996,12.390048
324,-388.58487,141.75377,-87.84285,79.76385,-50.141113,44.211933,-25.6918,25.631535,-25.800186,2.9018161,5.038671,-2.2635374,7.9384756
325,-388.70663,137.43823,-89.82546,72.387596,-55.1644,35.96203,-30.371634,23.07901,-25.52685,0.24778044,3.3003802,-5.359035,7.4194098
326,-389.51276,143.67389,-87.59036,81.181564,-50.635036,43.7663,-26.322243,26.935522,-23.626991,2.6856608,6.3488016,-2.8660727,8.701578
327,-386.81677,137.50539,-87.94964,70.91591,-53.551136,33.968567,-28.885332,20.856155,-24.825596,2.272358,7.059437,-3.1895812,5.401347
328,-386.43854,142.99486,-85.02608,78.608086,-49.00448,40.951958,-26.577414,24.652102,-24.6641,2.6054041,6.145288,-2.7541513,7.760938
329,-388.56198,145.1598,-86.813705,83.839325,-51.081917,43.07313,-29.248995,26.756266,-25.274696,3.443267,3.7290752,-2.565471,8.04946
330,-390.45047,139.95966,-93.20442,76.215294,-59.800236,37.98642,-33.722866,23.47896,-28.6141,0.9978135,2.3912208,-3.0658777,9.845425
331,-388.88522,142.23228,-87.19909,81.27016,-50.722916,42.084885,-28.274506,26.556879,-25.432266,1.6696244,3.442401,-2.542809,8.634048
332,-383.90363,142.58414,-84.69472,76.635765,-48.481846,40.000484,-27.159134,22.938791,-26.160206,1.7149485,5.931457,-3.0369046,6.2693
333,-386.70636,140.30428,-85.7389,79.22759,-49.8085,42.111935,-28.12412,25.553785,-25.93716,1.7101108,5.0710874,-2.863851,8.784699
334,-383.53387,136.73267,-78.41446,63.037052,-52.209095,34.62883,-23.418964,15.277541,-26.779985,1.1865982,3.2417355,-1.8721281,3.8371215
335,-379.48355,140.13586,-73.44671,66.53689,-45.336353,40.002956,-20.5638,15.734105,-26.349981,2.5402248,6.3886337,0.5537855,4.7550607
336,-383.84323,135.68967,-78.93228,61.264004,-51.875813,34.164566,-23.928673,13.318918,-29.923693,-2.2979343,3.8816524,0.87257075,4.736717
337,-381.88275,142.17957,-72.223145,70.178635,-45.34076,38.134453,-20.239704,17.561447,-25.210266,3.1603565,7.7287173,2.539709,4.963915
338,-382.04843,141.01097,-71.69367,68.37482,-43.78328,39.89867,-19.715143,16.569767,-26.397476,2.038761,6.753808,0.63760483,2.9100337
339,-381.57,140.50429,-73.213,66.85817,-44.54771,37.5835,-19.773764,15.392323,-26.218903,1.4860218,7.133961,0.9660862,3.745684
340,-383.98114,136.37624,-76.405815,63.940613,-50.22477,35.04733,-25.511211,13.620409,-29.621185,1.8640295,8.174442,1.2961788,4.81558
341,-380.53882,139.75775,-73.23913,67.20008,-45.803246,39.147816,-21.750736,15.832839,-26.751913,2.8896143,7.400483,2.1138003,4.728681
342,-384.24594,140.95619,-73.351425,69.2149,-44.16139,40.82436,-18.87836,16.932343,-24.993143,3.9031491,7.7875333,1.6715711,5.0945406
343,-383.01315,140.21657,-75.44165,66.45664,-46.15214,40.034973,-20.333998,17.10107,-27.746103,1.4140363,6.7891316,0.8365758,4.769866
344,-389.68402,144.75504,-84.4515,75.037315,-58.57213,37.61391,-35.25387,20.554148,-30.19282,0.16869324,-4.3789177,-2.149645,11.009904
345,-388.23608,139.98535,-79.78908,80.746284,-53.822987,43.375916,-35.7219,23.947107,-28.110718,1.5787567,-2.4194186,-3.8605747,10.974195
346,-387.9749,147.0933,-81.431564,79.90122,-53.561752,45.87689,-32.20584,23.373953,-28.976145,-1.4436132,-1.5454651,-1.8895935,10.424551
347,-389.10803,142.93509,-84.394394,72.33067,-57.624237,38.673336,-35.990173,19.358568,-31.054045,-3.5779688,-3.178506,-2.5364015,9.926386
348,-392.1667,142.12947,-82.61797,71.6584,-57.651146,35.3222,-39.005512,18.669544,-29.85542,-1.6722194,-3.5212107,-4.611238,11.05077
349,-389.48767,141.86746,-80.68635,72.84121,-57.59916,35.80846,-36.569164,21.824778,-25.370066,0.66563135,-4.743285,-7.730811,6.5782537
350,-387.34164,147.32175,-80.16306,79.080315,-53.44805,42.24815,-35.9287,21.894165,-29.044079,2.4476857,-2.7002585,-3.417604,8.6687765
351,-386.85104,147.90613,-78.91762,80.04892,-52.422554,41.30089,-33.947556,22.353252,-27.727945,2.545039,-2.4003186,-2.4577231,8.684561
352,-387.54584,148.35625,-80.03953,80.86585,-51.779137,42.79848,-33.458466,21.93715,-27.531826,1.4944504,-2.2743611,-2.898856,8.603423
353,-387.271,136.91632,-85.36982,73.38059,-53.767776,39.888405,-35.941525,17.849535,-30.760187,-1.5421954,-4.219543,-6.8177977,6.4809875
354,-446.50854,168.06535,-50.233047,56.165745,-36.45805,26.764801,-25.715109,11.260795,-14.365298,-7.2949862,-6.041101,-6.1891165,3.875716
355,-505.21143,168.21548,-27.045408,39.784054,-32.952976,33.14337,-22.714909,18.444397,-10.222029,0.110900596,0.60407597,4.668969,13.990399
356,-514.2705,190.17844,-42.86055,59.850594,-21.054123,31.796312,-9.480461,10.989412,-5.1057954,-0.17230777,2.1096087,-6.3888774,4.940901
357,-465.64572,166.80434,-22.000046,54.271336,-24.354843,32.78021,-14.967947,14.792223,-11.73682,-1.3991175,-1.9897913,-6.437313,6.623688
358,-418.25082,184.01762,-48.44066,47.627113,-46.073006,32.591595,-34.253716,15.19919,-14.470293,-4.389241,-3.5232284,-5.104894,4.5728216
359,-431.04932,192.83273,-45.321426,43.928093,-43.63428,32.456184,-28.260355,16.30231,-14.728823,-4.36412,-5.2820206,-6.7080984,8.4316225
360,-440.22647,198.10446,-49.453484,48.038406,-36.415085,32.52833,-22.03752,12.767429,-12.212386,-4.715353,-1.0619723,-5.403,8.270631
361,-420.0153,175.6739,-57.674168,54.171303,-45.817276,35.8476,-27.8399,11.605119,-12.941567,-4.6168323,-3.2485611,-10.951094,10.412597
362,-439.00247,201.69186,-49.797455,42.453415,-34.45219,31.898731,-20.206636,12.44311,-11.712047,-6.0980387,-1.9328362,-7.439819,7.7268014
363,-428.1964,197.56148,-50.875454,39.625557,-34.005333,25.834877,-19.454603,7.848898,-12.402897,-8.597481,-3.6435387,-10.031261,5.2639074
364,-429.67935,197.52852,-47.891678,37.453884,-31.57431,26.571533,-17.822517,9.279811,-11.522519,-8.147873,-3.25909,-9.4182,5.5669303
365,-424.1809,196.71808,-51.10517,39.736877,-34.47043,24.834385,-17.744392,9.329347,-11.099718,-7.441146,-2.3434114,-8.895353,6.0010104
366,-422.3741,193.55405,-49.679195,38.103195,-42.39676,28.371796,-26.47592,13.773773,-16.301224,-2.6055536,-4.5832567,-9.535915,4.935086
367,-419.4686,194.25351,-51.674,35.936604,-42.561024,25.93673,-26.108904,14.16294,-15.657089,-8.074948,-4.7020454,-9.796292,4.759536
368,-422.7897,202.0618,-53.808086,41.192314,-37.52332,24.309591,-20.514551,8.753038,-11.907327,-5.4917135,-0.9958588,-8.491939,6.870959
369,-413.00632,191.4468,-60.991337,42.49518,-45.37787,22.130344,-26.194555,9.196614,-14.926186,-7.0839686,-2.761205,-9.42871,6.3747687
370,-424.58,203.0391,-50.439896,40.752007,-38.135635,26.736662,-21.139145,11.468393,-13.221064,-4.2290254,-1.7536687,-8.162321,8.377154
371,-414.99936,190.48416,-50.455124,40.299793,-43.47323,23.27621,-28.95108,14.980447,-18.767742,-8.091665,0.7190657,-6.3746676,4.9796305
372,-418.03146,192.81468,-50.12188,36.964706,-44.02632,25.40584,-25.430155,13.87338,-17.953062,-4.4889083,-4.4573736,-10.123121,6.7807856
373,-426.14276,204.58707,-51.04034,39.214283,-35.738228,22.466196,-18.086359,7.9418097,-11.989564,-6.041541,-0.39873192,-8.040584,7.568637
374,-426.55206,204.41902,-52.569653,38.804405,-37.02148,22.68057,-19.460997,7.14321,-12.131552,-6.4698806,-0.9598761,-8.807435,7.195981
375,-419.97592,199.15512,-51.328903,39.936493,-41.16146,27.604397,-22.146606,11.940235,-15.946898,-4.591797,-2.7263987,-7.733863,9.357861
376,-430.42444,207.94734,-53.70056,38.997387,-37.10146,22.401806,-19.706877,7.6441526,-13.039341,-6.44832,-1.0132787,-9.4548025,7.0003486
377,-425.8423,205.62692,-51.749493,38.743393,-40.12051,24.903408,-19.420113,9.824856,-15.05672,-5.938172,-1.6857027,-7.5940824,8.400241
378,-425.5125,195.90125,-48.097256,31.568935,-40.94787,22.186947,-23.318676,10.309044,-17.425333,-7.0947638,-4.4047737,-7.599369,8.5779085
379,-429.0736,207.19943,-51.818188,39.696304,-37.36089,22.770487,-18.11425,7.3670073,-13.049468,-6.3482747,-0.59207684,-8.889348,7.6548514
380,-426.63306,199.51164,-48.620316,33.417873,-40.9309,23.378155,-24.222443,11.15765,-18.324831,-5.498641,-3.6579304,-7.4949293,7.988134
381,-432.46906,204.91734,-47.992798,37.45473,-35.586067,22.69848,-16.299007,8.691057,-13.2916,-6.561211,-1.5068568,-8.819886,7.5833244
382,-431.59027,200.77563,-49.64233,32.65312,-43.5985,21.06583,-25.960875,10.721494,-17.774694,-5.0330625,-3.3562708,-7.6008554,8.443495
383,-435.93854,208.56174,-52.6626,39.335648,-36.191933,21.860163,-17.661942,8.546104,-12.087022,-6.2820883,-1.1176704,-9.428057,8.254514
384,-430.17142,199.04666,-47.65326,30.94293,-42.168716,19.76215,-24.454271,9.598265,-17.597237,-5.44413,-2.3434472,-7.214702,7.8119044
385,-423.92636,194.875,-51.529873,43.53171,-44.062683,26.501583,-23.85576,11.005135,-16.506525,-4.1879683,-2.1925871,-8.018427,7.3538604
386,-437.74557,208.00868,-51.714058,41.13469,-38.453026,22.505087,-18.124,8.293884,-12.452468,-6.3320436,-1.0721356,-9.244124,6.762506
387,-439.3876,209.64864,-50.138397,38.75031,-35.62353,20.45439,-17.117273,7.8694634,-12.112855,-6.545033,-0.11417936,-9.169588,7.159357
388,-333.81467,158.66876,-52.393864,48.324074,-45.580173,32.55142,-29.677605,9.301006,-26.269476,-3.8163095,-4.3925805,-7.4985723,5.1256175
389,-334.11685,159.99211,-50.33577,49.812866,-42.147457,33.3236,-29.154406,9.647867,-24.416159,-2.3089726,-4.5065722,-7.184511,5.50277
390,-334.51907,159.56772,-49.828846,45.534206,-44.722706,31.750458,-29.102814,10.1222925,-24.893938,-2.9532883,-5.376274,-7.92072,4.72001
391,-334.15115,161.19008,-50.64441,50.671295,-42.381844,35.038433,-27.82957,11.398148,-24.13081,-1.1494648,-3.4516845,-6.5896454,5.6236496
392,-333.16898,161.65279,-49.818676,50.27256,-42.758953,34.755142,-28.733564,11.882246,-25.204945,-2.0384696,-3.4836144,-6.0437393,6.643032
393,-334.87595,165.4458,-53.14633,54.760296,-43.711205,38.60624,-31.050045,12.652362,-26.652624,-0.65504587,-3.960931,-7.507739,5.2476006
394,-330.93887,162.88388,-50.762707,49.25378,-44.05252,33.881767,-30.587328,10.517302,-25.90489,-2.0338275,-4.5754004,-7.9716344,4.2875047
395,-331.72333,161.07591,-50.372482,49.472794,-41.092728,33.711582,-28.914988,10.750445,-24.085213,-1.5293566,-4.157704,-7.492715,5.222822
396,-332.42084,162.99486,-51.645847,52.706676,-42.343147,35.852474,-29.752567,12.341501,-25.903059,-2.0588262,-4.9367523,-7.846749,4.40383
397,-332.99243,162.40237,-50.715794,49.32856,-40.943417,34.428974,-28.688274,11.321647,-24.978056,-1.5330427,-3.7295566,-7.5702653,5.031255
398,-331.9786,161.07541,-51.90296,48.933468,-44.64002,32.8041,-30.890041,10.406454,-26.394531,-1.8849458,-3.5708485,-7.9978724,3.6427636
399,-332.26636,161.91454,-52.28879,49.084328,-45.503372,33.293983,-31.071316,11.1856785,-25.9265,-1.6792344,-4.349923,-8.391584,3.2055948
400,-329.0335,160.29893,-52.173058,48.486675,-43.261147,33.78574,-29.86305,9.398529,-24.898508,-2.5970156,-4.54479,-8.077559,3.4459107
401,-332.48108,163.41524,-50.935867,50.976448,-43.210953,36.112698,-29.39444,12.473896,-25.11142,-0.6699776,-4.419235,-7.900703,4.2878876
402,-330.4364,161.23126,-50.551258,48.42067,-43.962585,33.097626,-30.040766,10.207779,-25.807362,-1.6926218,-4.3225894,-8.2003765,4.001513
403,-330.99304,162.36548,-50.090576,49.498383,-42.058475,35.2661,-28.701845,11.547888,-24.284906,-2.106133,-4.1365733,-7.524642,4.475767
404,-334.91693,164.80333,-54.740772,51.86018,-46.550514,36.842648,-32.526,12.31474,-26.692322,-2.1512244,-5.840501,-9.488553,4.1337605
405,-333.18274,162.85176,-50.01787,51.236458,-40.69881,35.628323,-28.133184,11.851452,-24.412182,-1.2500842,-4.0663924,-8.392652,4.60238
406,-334.83444,163.58987,-55.615868,48.74711,-45.40118,36.436287,-29.684748,12.873217,-26.589533,-3.751867,-7.6426115,-9.923398,4.7012634
407,-334.27423,165.70262,-53.734657,53.952206,-43.673855,37.068428,-29.668486,13.344069,-25.328028,-0.38227114,-4.9239726,-8.400485,4.1338024
408,-331.54932,163.97379,-51.079784,50.62835,-42.86953,36.55546,-29.555685,12.19202,-26.076458,-1.2112447,-4.4749203,-8.203517,3.917408
409,-332.1692,165.34912,-53.310116,51.6857,-45.05753,36.71621,-31.272903,13.805416,-27.04409,-1.460913,-5.4424825,-9.174903,4.7258887
410,-331.42075,161.60707,-49.687546,46.477257,-43.691025,32.55864,-30.38911,11.030514,-24.813744,-2.1834683,-5.361521,-8.887703,4.2224336
411,-331.84467,162.75146,-50.252415,51.56597,-42.562817,35.440266,-29.101955,12.627274,-24.46,-1.0853884,-3.9042513,-8.334505,3.7244644
412,-331.8391,160.8661,-49.180744,50.22311,-40.542164,34.206196,-27.83749,12.156014,-23.477175,-0.8986305,-3.340245,-7.376954,4.7134533
413,-333.48355,163.56584,-53.72458,53.0829,-43.895615,37.95172,-29.45935,13.697424,-25.80933,-1.0700278,-4.541222,-8.084095,4.139749
414,-334.29117,164.73439,-52.07385,51.44059,-43.35187,35.964916,-29.636698,13.038036,-24.671356,-0.8905228,-3.8063223,-7.646019,4.9619436
415,-332.40543,163.31927,-52.45203,51.00044,-43.405838,36.48327,-29.726816,12.876604,-24.777906,-0.060272623,-5.1648283,-9.12129,3.887616
416,-334.70557,164.43257,-50.57525,50.71385,-41.286617,36.314083,-28.338663,14.183512,-23.296095,0.3991856,-3.446212,-7.2598844,5.5189047
417,-331.6056,164.78687,-52.723698,51.79074,-43.234116,37.473045,-31.605478,13.441082,-24.17986,-0.62660384,-3.9598086,-8.814298,3.7820086
418,-333.93735,164.33751,-52.97136,49.282085,-45.725254,34.68555,-30.566826,13.149439,-24.295364,-1.2644637,-5.5977864,-10.141708,3.637254
419,-486.70425,203.70546,-45.572315,42.695286,-29.249977,31.704172,-4.6212287,13.020171,-10.126235,1.7788879,-1.5138133,-3.8022485,9.379649
420,-487.23013,202.02534,-46.06016,45.73682,-29.023415,31.839197,-3.4858086,13.830245,-8.208056,1.0009489,-0.44458574,-5.7053714,7.444872
421,-501.48325,202.0984,-29.094152,37.816643,-28.191795,35.82778,-1.7146721,17.671726,-9.116044,4.072471,0.71594006,-5.5148525,9.901204
422,-487.2187,189.57611,-32.092175,30.52409,-40.907825,38.93603,-14.295187,22.028055,-14.527625,1.5545932,-0.5577228,1.5741714,14.946969
423,-484.7836,189.30276,-34.44868,28.150297,-40.132984,40.536823,-11.894421,19.8824,-14.503881,1.8307958,0.015754275,0.13676405,13.225733
424,-486.3631,189.90309,-34.60117,29.496792,-43.254017,38.312828,-10.568216,21.994045,-8.553998,6.657824,-3.7745678,-8.788892,8.177361
425,-480.45758,184.98053,-29.679724,34.58413,-45.66431,41.30368,-14.035699,22.106504,-11.737656,5.357659,-1.6777786,-5.2158203,9.667228
426,-496.23438,190.51022,-38.45843,38.717102,-28.134045,36.135223,2.252653,14.528537,-8.602315,-0.768361,0.33666506,-0.43687376,9.219967
427,-491.57983,212.64417,-22.830633,27.112291,-37.254482,26.712532,-6.236906,11.339559,-11.93143,4.8409643,7.7828507,-0.26479325,12.744589
428,-475.85376,199.7428,-31.034496,36.192398,-42.076775,31.905684,-15.2282505,18.994865,-11.771738,3.7750816,6.098093,0.93842846,12.779018
429,-486.2289,211.08774,-33.52885,31.901424,-39.88325,31.053001,-7.829258,13.529105,-12.316396,1.913142,6.6918654,1.7215914,13.567243
430,-467.5067,188.5592,-24.386745,38.733295,-54.08099,44.114998,-20.487944,21.33775,-16.049252,5.9832263,2.566578,2.0204103,9.3513775
431,-487.19867,216.90146,-37.602375,35.241398,-34.621597,23.472443,-10.426631,11.262768,-9.4346,1.0191559,7.854227,-2.1049325,11.727965
432,-484.21948,209.861,-34.90148,31.913183,-40.304287,29.797895,-7.8952417,13.244356,-10.981422,2.5150504,6.662775,1.5094959,12.541811
433,-487.90955,211.50044,-32.624557,31.2617,-39.112118,29.54925,-7.524591,12.9491625,-10.332708,2.8737464,6.124371,0.5537592,11.314226
434,-450.87198,176.84175,-41.883793,32.91081,-41.50061,26.547874,-18.081486,14.160412,-8.592187,3.3478136,5.4926558,0.6286161,12.573629
435,-477.0456,194.72997,-27.808916,35.055866,-52.759876,33.82455,-19.188099,17.966316,-14.608029,10.682395,5.0739355,-2.1727045,8.165909
436,-488.89523,212.02563,-33.54565,30.649048,-38.708412,29.414366,-8.123,13.036867,-10.945016,4.273987,7.871453,-0.5708893,11.452155
437,-479.9848,198.49445,-32.78263,28.088657,-48.287823,31.021435,-24.867453,16.066803,-14.713468,4.3181753,5.0057516,1.6258937,11.239958
438,-485.65137,213.17351,-39.70619,32.616932,-35.5078,22.562622,-12.498929,8.358261,-10.051155,0.6632183,7.5241446,-5.4953856,7.57578
439,-477.17966,188.48564,-33.780193,26.415028,-52.396248,30.461985,-26.387423,14.054737,-12.268454,7.3815074,2.381259,-5.441467,5.0416126
440,-507.01236,220.49933,-30.203835,28.181234,-38.092888,26.871101,-13.425793,15.920973,-8.718402,5.314779,3.4298484,-10.977695,3.542157
441,-472.08984,193.76337,-46.385246,42.395817,-47.774334,36.745728,-20.420416,20.13771,-11.726037,6.882846,3.3703754,-3.6714506,7.596417
442,-466.7888,197.29344,-55.751534,52.80358,-50.828724,30.409468,-19.51751,14.056123,-11.607845,4.828923,4.884469,-8.711968,3.697677
443,-481.84363,202.84627,-46.764675,34.588146,-36.29291,24.320698,-14.686845,10.336842,-6.877447,5.984543,5.5382786,-5.952059,5.454283
444,-512.2821,222.92213,-33.166702,28.873446,-35.904778,31.442144,-14.776915,11.34727,-10.859651,8.297278,5.4267044,-9.847892,3.4249957
445,-489.0117,215.48773,-50.88276,37.639942,-36.529583,26.997793,-15.525058,9.330695,-8.7244,3.8351824,5.8429117,-7.217676,3.2645714
446,-471.03214,183.08827,-50.82414,39.893806,-56.76842,35.36595,-27.424404,22.153456,-12.89406,1.6553625,0.6495799,-4.2187943,4.992493
447,-480.48056,207.23416,-54.63882,45.14009,-38.64425,30.800516,-17.734552,10.725457,-9.842899,4.1029334,5.5176806,-6.4811115,4.481533
448,-435.92676,149.76216,-59.63216,67.63077,-68.458336,45.60785,-35.478306,21.380886,-17.939404,9.51884,3.4696522,-5.319697,10.2490425
449,-486.986,207.50511,-46.224785,37.129223,-40.313473,35.18016,-13.467877,11.029175,-12.400873,4.234236,5.135495,-1.6402054,7.345873
450,-483.3417,209.90952,-49.771633,42.29316,-36.131165,28.787495,-14.889438,7.8590803,-10.034571,2.3873432,5.1861835,-6.590986,3.986021
451,-485.06808,194.17859,-29.763617,29.640156,-43.86348,31.04425,-19.599741,9.814097,-16.224726,10.349491,8.316769,-4.0867085,7.644895
452,-479.7654,199.62973,-41.633297,29.604536,-47.226242,38.342743,-26.486916,17.328615,-15.538331,5.610619,3.113407,0.25234094,9.828274
453,-490.56073,215.63403,-47.646626,38.30369,-31.487036,27.978544,-13.531141,7.744689,-10.530635,2.3888602,5.8583803,-6.9709682,3.1151829
454,-488.47357,214.24652,-49.087486,39.699284,-33.354244,31.067263,-14.689156,8.10973,-11.188374,3.2810712,6.438846,-5.8986764,5.3783026
455,-513.2763,222.06314,-30.287273,22.377071,-26.116825,32.75355,-12.420488,10.239745,-12.605216,4.357318,7.6674314,-7.3582664,6.2805557
